INSERT INTO SERVICIO (id, nombre, comentario) 
VALUES
(1, 'Consulta General', 'Atención médica general.'),
(2, 'Pediatría', 'Atención médica para niños.'),
(3, 'Ginecología', 'Atención médica para mujeres.'),
(4, 'Cardiología', 'Especialidad del corazón y sistema circulatorio.'),
(5, 'Dermatología', 'Atención de problemas en la piel.'),
(6, 'Neurología', 'Atención para el sistema nervioso.'),
(7, 'Traumatología', 'Especialidad en lesiones musculares y óseas.'),
(8, 'Psiquiatría', 'Tratamiento de enfermedades mentales.'),
(9, 'Odontología', 'Atención y cuidado de los dientes.'),
(10, 'Oftalmología', 'Cuidado y tratamiento de los ojos.'),
(11, 'Oncología', 'Tratamiento para el cáncer.'),
(12, 'Urología', 'Atención del sistema urinario.'),
(13, 'Endocrinología', 'Especialidad en glándulas y hormonas.'),
(14, 'Neonatología', 'Atención de bebés recién nacidos.'),
(15, 'Gastroenterología', 'Especialidad en el sistema digestivo.'),
(16, 'Reumatología', 'Tratamiento de enfermedades reumáticas.'),
(17, 'Cirugía General', 'Operaciones quirúrgicas generales.'),
(18, 'Nefrología', 'Atención para enfermedades renales.'),
(19, 'Neumología', 'Atención para enfermedades del pulmón.'),
(20, 'Fisioterapia', 'Rehabilitación y terapias físicas.');

SELECT * FROM servicio;




INSERT INTO HOSPITAL_SERVICIO (id, total_camas, total_camas_libres, servicio_id, hospital_id) 
VALUES
(1, 34, 20, 1, 1),
(2, 50, 15, 2, 1),
(3, 25, 25, 3, 1),
(4, 50, 30, 4, 1),
(5, 60, 30, 5, 2),
(6, 20, 15, 6, 2),
(7, 60, 20, 7, 2),
(8, 60, 35, 8, 2),
(9, 10, 10, 9, 3),
(10, 70, 35, 10, 3),
(11, 70, 30, 11, 3),
(12, 70, 45, 12, 3),
(13, 65, 30, 13, 4),
(14, 65, 25, 14, 4),
(15, 65, 20, 15, 4),
(16, 65, 35, 16, 4),
(17, 55, 25, 17, 5),
(18, 55, 20, 18, 5),
(19, 55, 15, 19, 5),
(20, 55, 30, 20, 5),
(21, 40, 20, 1, 6),
(22, 70, 35, 2, 6),
(23, 70, 30, 3, 6),
(24, 70, 45, 4, 6),
(25, 50, 25, 5, 7),
(26, 50, 20, 6, 7),
(27, 50, 15, 7, 7),
(28, 50, 30, 8, 7),
(29, 8, 5, 9, 8),
(30, 65, 30, 10, 8),
(31, 65, 25, 11, 8),
(32, 65, 40, 12, 8),
(33, 60, 30, 13, 9),
(34, 63, 25, 14, 9),
(35, 60, 20, 15, 9),
(36, 60, 35, 16, 9),
(37, 70, 35, 17, 10),
(38, 70, 30, 18, 10),
(39, 70, 25, 19, 10),
(40, 70, 40, 20, 10),
(41, 55, 25, 1, 11),
(42, 43, 20, 2, 11),
(43, 55, 15, 3, 11),
(44, 55, 30, 4, 11),
(45, 45, 20, 5, 12),
(46, 45, 15, 6, 12),
(47, 45, 10, 7, 12),
(48, 45, 25, 8, 12),
(49, 12, 12, 9, 13),
(50, 65, 25, 10, 13),
(51, 65, 20, 11, 13),
(52, 65, 35, 12, 13);



INSERT INTO MEDICO_HOSPITAL_SERVICIO (id, hospital_servicio_id, medico_id) 
VALUES
(1, 1, 1), 
(3, 2, 3),
(4, 3, 4),
(5, 4, 5),
(6, 5, 6),
(7, 5, 7), 
(8, 6, 8),
(9, 7, 9),
(10, 8, 10),
(11, 9, 11),
(12, 10, 12),
(13, 10, 13), 
(14, 11, 14),
(15, 12, 15),
(16, 13, 16),
(17, 13, 17), 
(18, 14, 18),
(19, 15, 19),
(20, 16, 20),
(21, 17, 21),
(22, 18, 22),
(24, 19, 24),
(25, 20, 25),
(26, 21, 26),
(28, 22, 28),
(29, 23, 29),
(30, 24, 30),
(31, 25, 31),
(32, 26, 32),
(33, 27, 33),
(34, 28, 34),
(35, 29, 35),
(36, 30, 36),
(37, 31, 37),
(39, 32, 39),
(40, 33, 40),
(41, 34, 41),
(42, 35, 42),
(43, 36, 43),
(44, 37, 44),
(45, 38, 45),
(46, 39, 46),
(47, 40, 47),
(48, 41, 48),
(49, 42, 49),
(50, 43, 50), 
(51, 45, 2),
(52, 46, 23),
(53, 47, 27),
(54, 48, 38),
(55, 49, 35),
(56, 50, 12),
(57, 51, 14),
(58, 52, 15),
(59, 44, 30),
(60, 44, 5);
